City_ID,City,Country,Lat,Lng,Max Temp,Humidity,Cloudiness,Wind Speed,Current Description
0,Norman Wells,CA,65.282,-126.8329,64.44,55,90,10.36,overcast clouds
1,Saint George,US,37.1041,-113.5841,73.99,78,1,4.61,clear sky
2,Port Elizabeth,ZA,-33.918,25.5701,71.1,26,0,8.05,clear sky
3,Evensk,RU,61.95,159.2333,59.52,76,87,4.47,overcast clouds
4,Kapaa,US,22.0752,-159.319,88.12,74,1,4.0,clear sky
5,Kaitangata,NZ,-46.2817,169.8464,53.92,49,6,9.19,clear sky
6,Ilulissat,GL,69.2167,-51.1,53.62,58,40,6.91,drizzle
7,Edson,CA,53.5835,-116.4356,77.14,33,1,6.91,clear sky
8,Handan,CN,36.6006,114.4678,85.62,70,7,4.56,light rain
9,Kiama,AU,-34.6833,150.8667,67.57,52,5,8.99,clear sky
10,Mataura,NZ,-46.1927,168.8643,51.48,78,22,4.47,few clouds
11,Madzhalis,RU,42.1217,47.8333,70.29,63,0,4.65,clear sky
12,Rikitea,PF,-23.1203,-134.9692,74.68,79,95,17.6,overcast clouds
13,Talnakh,RU,69.4865,88.3972,75.83,58,100,8.93,overcast clouds
14,Yellowknife,CA,62.456,-114.3525,68.52,52,40,7.0,scattered clouds
15,Kodiak,US,57.79,-152.4072,62.11,63,90,5.75,overcast clouds
16,Praia Da Vitoria,PT,38.7333,-27.0667,74.75,88,75,9.35,broken clouds
17,Butaritari,KI,3.0707,172.7902,82.53,75,30,7.36,light rain
18,Mar Del Plata,AR,-38.0023,-57.5575,41.88,69,0,5.99,light rain
19,Constitucion,CL,-35.3333,-72.4167,45.03,69,0,12.39,clear sky
20,Cape Town,ZA,-33.9258,18.4232,58.12,64,0,1.99,clear sky
21,Ushuaia,AR,-54.8,-68.3,33.46,93,90,6.91,light snow
22,Khatanga,RU,71.9667,102.5,67.35,57,100,18.77,overcast clouds
23,Qaanaaq,GL,77.484,-69.3632,41.76,87,100,8.01,overcast clouds
24,Gatton,AU,-27.55,152.2833,69.4,32,0,2.57,clear sky
25,Chardara,KZ,41.2547,67.9692,80.08,29,0,17.02,clear sky
26,Jinchang,CN,38.4953,102.1739,75.74,29,100,14.14,overcast clouds
27,Atuona,PF,-9.8,-139.0333,77.97,70,38,22.55,scattered clouds
28,Nuuk,GL,64.1835,-51.7216,59.61,63,40,18.41,scattered clouds
29,Airai,TL,-8.9266,125.4092,72.52,28,88,3.98,overcast clouds
30,Gimli,CA,50.6336,-96.9907,79.43,64,1,11.5,clear sky
31,Svetlogorsk,BY,52.6333,29.7333,66.72,59,86,5.46,overcast clouds
32,Rongcheng,CN,30.634,117.8517,77.43,98,100,9.06,heavy intensity rain
33,Tuktoyaktuk,CA,69.4541,-133.0374,51.8,66,75,0.0,broken clouds
34,Waingapu,ID,-9.6567,120.2641,81.1,64,41,9.01,scattered clouds
35,Preston,GB,53.7667,-2.7167,62.74,61,99,0.94,overcast clouds
36,Adre,TD,13.4667,22.2,72.81,79,100,4.92,overcast clouds
37,Omsukchan,RU,62.5333,155.8,50.99,82,100,5.97,overcast clouds
38,Mount Gambier,AU,-37.8333,140.7667,51.71,66,100,17.27,overcast clouds
39,Sinnamary,GF,5.3833,-52.95,78.17,85,70,6.69,broken clouds
40,Busselton,AU,-33.65,115.3333,51.04,53,100,26.55,overcast clouds
41,Kota Belud,MY,6.351,116.4305,82.26,64,74,7.56,broken clouds
42,Komsomolskiy,UZ,40.4272,71.7189,84.92,26,1,2.3,clear sky
43,Ribeira Grande,PT,38.5167,-28.7,70.83,89,94,9.98,overcast clouds
44,Albany,US,42.6001,-73.9662,77.92,69,0,6.08,clear sky
45,Kinablangan,PH,7.6947,126.5503,86.77,59,80,5.3,broken clouds
46,Dudinka,RU,69.4058,86.1778,71.02,69,100,9.35,overcast clouds
47,Saldanha,ZA,-33.0117,17.9442,55.45,86,0,9.73,clear sky
48,Esperance,AU,-33.8667,121.9,55.24,68,88,36.64,overcast clouds
49,Montorio Al Vomano,IT,42.5831,13.6383,76.78,38,78,7.52,broken clouds
50,Vaini,TO,-21.2,-175.2,78.96,83,75,10.36,broken clouds
51,Narsaq,GL,60.9167,-46.05,52.02,73,61,1.39,broken clouds
52,Nikolskoye,RU,59.7035,30.7861,66.79,72,5,4.12,clear sky
53,Anandnagar,IN,27.1,83.2833,81.59,89,100,3.38,overcast clouds
54,Glubokiy,RU,48.5217,40.3258,71.85,40,5,12.8,clear sky
55,Tura,IN,25.5198,90.2201,76.98,94,100,4.72,overcast clouds
56,Lebu,CL,-37.6167,-73.65,46.0,76,60,16.2,broken clouds
57,Gua Musang,MY,4.8823,101.9644,78.84,83,99,1.07,overcast clouds
58,Barrow,US,71.2906,-156.7887,46.42,93,90,6.91,overcast clouds
59,Soto La Marina,MX,23.7667,-98.2167,82.22,70,0,9.57,clear sky
60,Ligayan,PH,4.6533,119.4706,84.74,78,42,15.19,scattered clouds
61,Tinnanur,IN,13.1114,80.0261,80.35,62,85,12.62,overcast clouds
62,Punta Arenas,CL,-53.15,-70.9167,42.91,75,0,12.66,clear sky
63,Mahebourg,MU,-20.4081,57.7,68.29,94,40,11.5,light rain
64,Labuhan,ID,-6.8844,112.2051,78.1,71,31,5.01,scattered clouds
65,Sao Joao Da Barra,BR,-21.6403,-41.0511,71.31,82,0,16.44,clear sky
66,Boa Vista,BR,2.8197,-60.6733,78.78,83,75,4.61,thunderstorm
67,East London,ZA,-33.0153,27.9116,62.94,27,8,11.99,clear sky
68,Coquimbo,CL,-29.9533,-71.3436,53.33,87,0,3.44,clear sky
69,Sao Filipe,CV,14.8961,-24.4956,74.84,84,17,8.81,few clouds
70,Port Lincoln,AU,-34.7333,135.8667,62.62,45,96,28.25,overcast clouds
71,La Macarena,CO,2.1837,-73.7849,72.05,97,100,1.43,overcast clouds
72,Bud,US,39.447,-86.1758,85.95,73,0,6.38,clear sky
73,Osa,RU,57.2829,55.4567,57.11,81,100,6.58,overcast clouds
74,Port Alfred,ZA,-33.5906,26.891,60.49,32,35,9.48,scattered clouds
75,Worthington,US,40.0931,-83.018,84.15,51,1,8.05,clear sky
76,Ulaanbaatar,MN,47.9077,106.8832,62.73,67,0,4.47,clear sky
77,Avarua,CK,-21.2078,-159.775,78.85,73,20,8.05,few clouds
78,Torbay,CA,47.6666,-52.7314,60.58,86,90,11.5,overcast clouds
79,Lasa,IT,46.6166,10.7002,63.48,93,100,3.02,light rain
80,Bredasdorp,ZA,-34.5322,20.0403,52.0,61,5,5.35,clear sky
81,Riberalta,BO,-10.9833,-66.1,77.5,55,6,1.88,clear sky
82,Saint-Philippe,RE,-21.3585,55.7679,63.99,83,67,11.18,light rain
83,Maniago,IT,46.1706,12.7078,67.8,94,100,5.73,overcast clouds
84,Cayenne,GF,4.9333,-52.3333,82.09,82,0,3.0,clear sky
85,Nanchang,CN,28.6833,115.8833,85.66,68,5,5.03,light rain
86,Arraial Do Cabo,BR,-22.9661,-42.0278,70.11,83,0,26.11,clear sky
87,Qaqortoq,GL,60.7167,-46.0333,52.3,81,67,2.82,broken clouds
88,Djibo,BF,14.1022,-1.6306,82.45,64,100,7.14,overcast clouds
89,Bathsheba,BB,13.2167,-59.5167,81.21,78,40,13.8,scattered clouds
90,Souillac,MU,-20.5167,57.5167,68.38,94,40,11.5,light rain
91,Nexo,DK,55.0607,15.1306,66.29,92,100,2.44,overcast clouds
92,Chuy,UY,-33.6971,-53.4616,47.23,81,0,9.24,clear sky
93,Camacha,PT,33.0833,-16.3333,69.22,73,75,10.36,broken clouds
94,Stornoway,GB,58.2093,-6.3865,62.92,94,90,3.44,overcast clouds
95,Dharur,IN,18.8167,76.1167,70.47,85,99,14.94,overcast clouds
96,Tasiilaq,GL,65.6145,-37.6368,46.56,88,26,4.12,scattered clouds
97,Pingzhuang,CN,42.0372,119.2889,72.09,80,100,1.72,overcast clouds
98,Dikson,RU,73.5069,80.5464,38.62,99,100,5.59,overcast clouds
99,Bodden Town,KY,19.2833,-81.25,84.2,78,40,4.0,scattered clouds
100,Marovoay,MG,-16.1,46.6333,66.34,64,24,7.0,few clouds
101,Puerto Ayora,EC,-0.7393,-90.3518,71.55,85,25,8.01,scattered clouds
102,Ostrovnoy,RU,68.0531,39.5131,46.09,87,100,21.7,overcast clouds
103,Maceio,BR,-9.6658,-35.7353,74.64,94,75,6.91,broken clouds
104,Ust-Kuyga,RU,70.0167,135.6,56.73,52,0,17.9,clear sky
105,Severo-Kurilsk,RU,50.6789,156.125,60.42,86,93,7.45,overcast clouds
106,Hermanus,ZA,-34.4187,19.2345,57.9,61,5,7.45,clear sky
107,Rocha,UY,-34.4833,-54.3333,44.69,90,7,6.13,clear sky
108,Mitsamiouli,KM,-11.3847,43.2844,75.34,67,17,7.09,few clouds
109,Troitskoye,RU,52.9821,84.6757,59.29,87,69,9.28,broken clouds
110,Berlevag,NO,70.8578,29.0864,46.2,86,44,2.44,scattered clouds
111,Isangel,VU,-19.55,169.2667,78.91,65,75,5.75,broken clouds
112,Sitka,US,57.0531,-135.33,62.49,67,40,4.61,light rain
113,Hualmay,PE,-11.0964,-77.6139,64.17,87,40,8.32,scattered clouds
114,Chokurdakh,RU,70.6333,147.9167,43.14,69,100,12.37,overcast clouds
115,Glencoe,ZA,-28.1783,30.147,37.9,42,5,5.06,clear sky
116,Escanaba,US,45.7453,-87.0646,80.2,73,1,10.36,clear sky
117,Georgetown,MY,5.4112,100.3354,82.89,87,20,4.61,haze
118,Kuala Lipis,MY,4.1842,102.0468,79.25,80,87,0.6,overcast clouds
119,Ponta Do Sol,PT,32.6667,-17.1,72.72,76,3,6.38,clear sky
120,Kangaba,ML,11.9333,-8.4167,75.16,85,12,4.25,few clouds
121,Bac Lieu,VN,9.285,105.7244,82.87,76,7,12.57,clear sky
122,Cherskiy,RU,68.75,161.3,54.03,47,10,20.29,clear sky
123,Yazd,IR,31.8972,54.3675,86.11,17,40,6.91,scattered clouds
124,Kruisfontein,ZA,-34.0033,24.7314,68.88,28,11,16.26,few clouds
125,Kirkenaer,NO,60.4564,12.0582,65.03,91,40,1.88,scattered clouds
126,Ancud,CL,-41.8697,-73.8203,42.33,79,14,6.08,few clouds
127,Rio Grande City,US,26.3798,-98.8203,91.89,41,6,15.28,clear sky
128,Poum,NC,-20.2333,164.0167,71.82,66,100,7.99,overcast clouds
129,Zhigansk,RU,66.7697,123.3711,59.23,59,13,17.29,few clouds
130,Novo Aripuana,BR,-5.1206,-60.3797,76.96,58,71,2.35,broken clouds
131,Bandarbeyla,SO,9.4942,50.8122,76.95,74,35,24.9,scattered clouds
132,Faanui,PF,-16.4833,-151.75,78.91,74,63,9.64,broken clouds
133,Clyde River,CA,70.4692,-68.5914,39.43,100,40,3.44,scattered clouds
134,Polyarnyy,RU,69.1989,33.4478,37.87,87,94,7.47,overcast clouds
135,Crotone,IT,39.0851,17.1178,79.93,68,0,4.63,clear sky
136,Kamogawa,JP,35.1,140.1,78.13,92,100,16.75,overcast clouds
137,Hobart,AU,-42.8794,147.3294,57.22,77,75,1.99,broken clouds
138,Castro,BR,-24.7911,-50.0119,58.68,60,84,4.74,broken clouds
139,Chandler,US,33.3062,-111.8412,99.82,33,20,1.01,few clouds
140,Wilmington,US,34.2257,-77.9447,82.98,86,44,1.01,scattered clouds
141,Mananara,MG,-16.1667,49.7667,64.92,92,80,6.42,light rain
142,Honiara,SB,-9.4333,159.95,85.57,67,95,6.49,overcast clouds
143,Meiganga,CM,6.5167,14.3,64.74,96,100,2.8,overcast clouds
144,Northam,GB,51.0333,-4.2167,64.65,95,100,10.78,moderate rain
145,Raga,SS,8.4596,25.678,67.96,95,93,3.22,overcast clouds
146,Alice Springs,AU,-23.7,133.8833,71.15,15,86,23.02,overcast clouds
147,Chara,RU,56.9064,118.2631,67.89,56,0,2.08,clear sky
148,Carutapera,BR,-1.195,-46.02,74.53,93,39,4.99,scattered clouds
149,Bumba,CD,2.1833,22.4667,72.63,87,100,1.7,overcast clouds
150,Otavi,NA,-19.65,17.3333,50.27,42,0,8.84,clear sky
151,Cravo Norte,CO,6.3017,-70.2041,75.31,91,100,3.67,overcast clouds
152,Grandola,PT,38.1772,-8.5668,67.3,89,0,7.7,clear sky
153,New Iberia,US,30.0035,-91.8187,87.98,79,20,3.44,few clouds
154,Alvaraes,BR,-3.2208,-64.8042,79.29,70,93,2.35,overcast clouds
155,Nouadhibou,MR,20.931,-17.0347,70.39,84,6,24.74,clear sky
156,Pevek,RU,69.7008,170.3133,35.49,91,99,17.58,overcast clouds
157,Port Hardy,CA,50.6996,-127.4199,62.78,72,75,9.22,broken clouds
158,Lensk,RU,60.7253,114.9278,84.56,39,5,3.96,clear sky
159,Qarqin,AF,37.4185,66.0436,87.24,26,0,21.39,clear sky
160,Buritis,BR,-15.6178,-46.4233,65.14,43,0,1.43,clear sky
161,Kachiry,KZ,53.0675,76.1036,55.71,61,0,9.89,clear sky
162,Chapais,CA,49.7834,-74.8492,55.18,86,69,8.39,broken clouds
163,Codrington,AU,-38.2667,141.9667,53.28,66,100,19.1,overcast clouds
164,Fort Nelson,CA,58.8053,-122.7002,74.79,33,75,5.75,light rain
165,Sabang,ID,5.8933,95.3214,83.41,76,100,18.88,overcast clouds
166,Benito Juarez,MX,19.385,-99.165,71.19,51,90,3.0,light rain
167,Matara,LK,5.9485,80.5353,79.0,89,100,10.98,overcast clouds
168,Hovd,MN,48.0056,91.6419,67.84,51,11,1.88,few clouds
169,Alexandria,EG,31.2156,29.9553,76.96,78,0,5.75,clear sky
170,Bluff,NZ,-46.6,168.3333,51.8,70,14,20.56,few clouds
171,Pirovskoye,RU,57.6267,92.2658,70.93,81,100,7.99,overcast clouds
172,Thompson,CA,55.7435,-97.8558,69.96,37,40,8.05,scattered clouds
173,Morondava,MG,-20.2833,44.2833,64.9,68,54,12.28,broken clouds
174,Ardalstangen,NO,61.2371,7.6983,69.42,76,100,5.37,overcast clouds
175,Bethel,US,41.3712,-73.414,80.71,79,75,4.61,haze
176,Ahipara,NZ,-35.1667,173.1667,58.51,66,0,17.05,clear sky
177,New Norfolk,AU,-42.7826,147.0587,56.88,82,99,5.26,overcast clouds
178,Shelburne,CA,44.0787,-80.2041,78.69,76,0,6.22,clear sky
179,Lorengau,PG,-2.0226,147.2712,83.25,75,96,3.04,overcast clouds
180,Huarmey,PE,-10.0681,-78.1522,65.5,87,41,10.8,scattered clouds
181,Saskylakh,RU,71.9167,114.0833,56.98,65,100,8.37,overcast clouds
182,Haines Junction,CA,60.7522,-137.5108,57.15,82,100,3.44,overcast clouds
183,Manga,BF,11.6636,-1.0731,76.64,75,96,9.82,overcast clouds
184,Saint-Pierre,RE,-21.3393,55.4781,64.08,88,75,3.44,light rain
185,Cap Malheureux,MU,-19.9842,57.6142,68.49,86,91,5.99,light rain
186,Rio Grande,BR,-32.035,-52.0986,49.95,91,100,17.47,overcast clouds
187,Hilo,US,19.7297,-155.09,78.53,89,90,9.22,moderate rain
188,Fomboni,KM,-12.28,43.7425,75.51,72,10,16.33,light rain
189,Tiksi,RU,71.6872,128.8694,39.02,88,71,10.29,broken clouds
190,Praia,CV,14.9215,-23.5087,75.47,84,38,8.57,scattered clouds
191,Leningradskiy,RU,69.3833,178.4167,41.43,81,71,8.57,broken clouds
192,Taoudenni,ML,22.6783,-3.9836,100.35,8,0,8.43,clear sky
193,Olinda,BR,-8.0089,-34.8553,71.33,88,75,5.75,mist
194,Asau,RO,46.4333,26.4,67.75,79,20,4.76,few clouds
195,Sheridan,US,44.8333,-106.9173,99.01,18,1,1.01,clear sky
196,Kattivakkam,IN,13.2167,80.3167,80.69,64,95,16.02,overcast clouds
197,Buriti Alegre,BR,-18.14,-49.0403,64.11,43,0,4.41,clear sky
198,Capim Grosso,BR,-11.3811,-40.0128,67.24,89,76,7.85,broken clouds
199,Yuzhnyy,RU,53.2542,83.6936,57.58,88,40,11.18,scattered clouds
200,Pisco,PE,-13.7,-76.2167,65.01,82,0,14.97,clear sky
201,Longyearbyen,SJ,78.2186,15.6401,40.84,93,75,3.44,light intensity drizzle
202,Batagay-Alyta,RU,67.8006,130.4114,56.5,71,86,14.47,overcast clouds
203,Pinawa,CA,50.1489,-95.8811,74.3,47,5,5.23,clear sky
204,Macherla,IN,16.4833,79.4333,80.19,70,100,16.35,overcast clouds
205,Harper,LR,4.375,-7.7169,75.72,80,100,9.82,overcast clouds
206,Cidreira,BR,-30.1811,-50.2056,62.13,98,100,10.87,overcast clouds
207,Port Hedland,AU,-20.3167,118.5667,69.85,83,79,10.36,broken clouds
208,Russell,US,32.3502,-85.1999,89.31,88,75,4.61,broken clouds
209,Tuatapere,NZ,-46.1333,167.6833,51.82,69,21,5.91,few clouds
210,Kautokeino,NO,69.0125,23.0412,52.63,88,50,6.53,scattered clouds
211,Touros,BR,-5.1989,-35.4608,74.3,86,13,9.66,few clouds
212,Nagykallo,HU,47.8749,21.8408,74.98,77,71,7.02,broken clouds
213,Victoria,HK,22.2855,114.1577,90.97,82,90,1.99,overcast clouds
214,Bijar,IR,35.8668,47.6051,68.88,55,4,5.01,clear sky
215,Kavieng,PG,-2.5744,150.7967,84.29,65,57,5.23,broken clouds
216,Olafsvik,IS,64.8945,-23.7142,49.93,86,100,11.5,overcast clouds
217,Vallenar,CL,-28.5708,-70.7581,53.73,56,0,3.22,clear sky
218,Palembang,ID,-2.9167,104.7458,71.69,94,5,4.61,clear sky
219,Troitsko-Pechorsk,RU,62.7084,56.1964,43.59,97,61,6.78,broken clouds
220,Rio Gallegos,AR,-51.6226,-69.2181,37.45,93,75,3.44,light rain
221,Pangody,RU,65.85,74.4859,50.5,72,100,10.42,overcast clouds
222,Twin Falls,US,42.3505,-114.6445,98.94,13,20,8.05,haze
223,Preobrazheniye,RU,42.9019,133.9064,80.26,77,30,5.64,scattered clouds
224,Jamestown,US,42.097,-79.2353,78.12,53,1,5.75,clear sky
225,Kaa-Khem,RU,51.6833,94.7333,67.48,80,95,1.9,overcast clouds
226,Mayo,US,38.8876,-76.5119,84.31,78,75,3.0,broken clouds
227,San Cristobal,VE,7.7669,-72.225,73.58,96,99,2.48,overcast clouds
228,Hokitika,NZ,-42.7167,170.9667,52.14,75,93,15.77,overcast clouds
229,Rawlins,US,41.7911,-107.2387,91.29,10,1,9.22,clear sky
230,Geraldton,AU,-28.7667,114.6,64.81,59,90,23.02,overcast clouds
231,Buribay,RU,51.9617,58.1592,54.09,61,20,6.67,few clouds
232,Razdolinsk,RU,58.4211,94.6658,72.27,53,7,4.03,clear sky
233,Camana,PE,-16.6228,-72.7111,61.16,89,57,11.65,broken clouds
234,Bibiani,GH,6.4635,-2.3194,67.89,99,100,1.97,overcast clouds
235,Caibarien,CU,22.5206,-79.4669,78.12,80,83,4.97,broken clouds
236,Naze,JP,28.3667,129.4833,83.32,84,100,14.03,overcast clouds
237,Nisia Floresta,BR,-6.0911,-35.2086,75.58,91,0,5.91,clear sky
238,Pandan,PH,14.0453,124.1694,86.05,71,98,15.57,overcast clouds
239,Pontian Kecil,MY,1.4801,103.3899,86.99,72,9,8.61,clear sky
240,Los Llanos De Aridane,ES,28.6585,-17.9182,67.75,96,90,14.97,overcast clouds
241,Lompoc,US,34.6391,-120.4579,77.77,74,75,6.91,broken clouds
242,Soyo,AO,-6.1349,12.3689,71.6,90,100,3.38,overcast clouds
243,Hasaki,JP,35.7333,140.8333,75.49,79,100,15.55,overcast clouds
244,Christchurch,NZ,-43.5333,172.6333,53.01,76,90,5.99,overcast clouds
245,Berberati,CF,4.2612,15.7922,68.36,94,98,3.38,overcast clouds
246,Pangkalanbuun,ID,-2.6833,111.6167,80.92,74,88,4.36,overcast clouds
247,Buena Vista,US,43.4203,-83.8986,82.85,54,1,4.61,clear sky
248,Labranzagrande,CO,5.5622,-72.575,66.87,98,100,1.16,overcast clouds
249,Kathu,TH,7.9178,98.3332,85.69,75,98,15.84,overcast clouds
250,Husavik,IS,66.0449,-17.3389,49.91,81,89,2.17,overcast clouds
251,High Rock,BS,26.6208,-78.2833,84.22,74,0,9.73,clear sky
252,Odweyne,SO,9.4092,45.064,69.46,52,90,20.94,overcast clouds
253,Kalemie,CD,-5.9475,29.1947,70.05,61,19,14.0,few clouds
254,Sarkand,KZ,45.41,79.9186,77.45,34,28,5.95,scattered clouds
255,Bima,ID,-8.4667,118.7167,83.19,55,63,5.06,broken clouds
256,Comodoro Rivadavia,AR,-45.8667,-67.5,46.26,57,0,12.66,clear sky
257,Portland,US,45.5234,-122.6762,92.7,41,40,3.0,scattered clouds
258,Faridpur,BD,23.6,89.8333,84.2,85,63,10.33,broken clouds
259,Baturaja,ID,-4.1333,104.1667,75.31,73,12,3.27,few clouds
260,Pokhara,NP,28.2333,83.9833,75.4,88,72,0.09,broken clouds
261,Pemangkat,ID,1.1667,108.9667,81.68,83,100,6.02,overcast clouds
262,Chernyakhiv,UA,50.4565,28.6702,63.88,72,24,7.78,few clouds
263,Laguna,US,38.421,-121.4238,96.24,27,1,5.01,clear sky
264,Bataipora,BR,-22.2953,-53.2711,73.18,34,15,4.59,few clouds
265,Rawson,AR,-43.3002,-65.1023,40.37,76,62,28.1,broken clouds
266,Sungairaya,ID,0.7,108.9,83.39,78,88,6.24,overcast clouds
267,Bowen,AU,-20.0167,148.2333,71.82,61,63,11.14,broken clouds
268,Kolondieba,ML,11.0882,-6.8926,74.17,87,40,4.81,scattered clouds
269,Mapiripan,CO,2.8892,-72.1256,73.62,94,100,1.5,overcast clouds
270,Tazovskiy,RU,67.4667,78.7,44.92,98,100,18.39,moderate rain
271,Yenagoa,NG,4.9247,6.2642,72.97,81,100,4.03,overcast clouds
272,Aklavik,CA,68.2191,-135.0107,63.32,84,100,3.91,overcast clouds
273,Tirano,IT,46.2154,10.1679,66.7,97,100,1.36,light rain
274,Kamaishi,JP,39.2667,141.8833,77.95,96,100,12.68,overcast clouds
275,Embonas,GR,36.2269,27.8564,77.13,62,0,2.89,clear sky
276,Kailua,US,21.4022,-157.7394,87.78,65,40,11.5,scattered clouds
277,Puerto Escondido,MX,15.85,-97.0667,85.03,61,90,5.75,overcast clouds
278,Milos,GR,36.75,24.4333,74.12,68,0,19.95,clear sky
279,Arlit,NE,18.7369,7.3853,93.25,33,80,18.1,broken clouds
280,Huntsville,US,34.7304,-86.5861,84.22,81,20,5.99,few clouds
281,Macusani,PE,-14.0833,-70.4333,34.7,82,0,4.38,clear sky
282,Camacupa,AO,-12.0167,17.4833,50.68,45,100,3.53,overcast clouds
283,La Orilla,MX,17.9833,-102.2333,82.94,81,58,3.29,broken clouds
284,Urozhaynoye,RU,44.7883,44.9228,75.51,56,100,5.5,light rain
285,Ravar,IR,31.2656,56.8055,81.81,22,0,9.22,clear sky
286,Erenhot,CN,43.6475,111.9767,69.64,55,7,6.53,clear sky
287,Bambanglipuro,ID,-7.95,110.2833,77.38,76,99,3.67,overcast clouds
288,Qandala,SO,11.472,49.8728,85.77,49,16,11.41,few clouds
289,Kyra,RU,49.5776,111.9753,62.42,74,100,2.68,overcast clouds
290,Calama,CL,-22.4667,-68.9333,50.49,18,0,4.61,clear sky
291,Manuk Mangkaw,PH,4.8,119.85,84.51,78,22,14.85,few clouds
292,Provideniya,RU,64.3833,-173.3,50.11,81,90,8.95,light rain
293,Cabo San Lucas,MX,22.8909,-109.9124,93.81,65,1,11.5,clear sky
294,Nacozari,MX,25.3366,-108.2574,97.11,60,0,11.03,clear sky
295,Ojinaga,MX,29.5667,-104.4167,101.57,11,1,14.97,clear sky
296,Bilibino,RU,68.0546,166.4372,56.44,45,34,16.53,scattered clouds
297,Salalah,OM,17.0151,54.0924,78.89,89,75,5.75,broken clouds
298,Sao Francisco,BR,-15.9486,-44.8644,65.89,46,0,3.8,clear sky
299,Vuktyl,RU,63.8567,57.3094,44.15,96,100,7.9,overcast clouds
300,Bambous Virieux,MU,-20.3428,57.7575,68.25,94,40,11.5,light rain
301,Dali,CN,25.7,100.1833,67.48,83,86,1.52,overcast clouds
302,Nelson Bay,AU,-32.7167,152.15,64.0,66,0,1.99,clear sky
303,Ibra,OM,22.6906,58.5334,86.47,50,58,5.26,broken clouds
304,Dalianwan,CN,39.0286,121.695,84.72,78,40,4.47,scattered clouds
305,Goderich,CA,43.7501,-81.7165,75.52,69,0,2.3,clear sky
306,Artyom,AZ,40.4723,50.333,82.54,76,7,32.28,clear sky
307,Mehamn,NO,71.0357,27.8492,46.53,85,63,4.32,broken clouds
308,Bezhta,RU,42.1338,46.1283,56.97,95,39,1.77,scattered clouds
309,Riyadh,SA,24.6877,46.7219,93.34,23,100,10.07,overcast clouds
310,Ixtapa,MX,20.7,-105.2,87.03,70,20,8.05,few clouds
311,Esfarayen,IR,37.0765,57.5101,73.06,45,0,6.62,clear sky
312,Winnemucca,US,40.973,-117.7357,98.65,12,20,8.05,haze
313,Awjilah,LY,29.1081,21.2869,78.89,50,0,7.11,clear sky
314,Nome,US,64.5011,-165.4064,50.07,87,90,10.36,moderate rain
315,Hithadhoo,MV,-0.6,73.0833,80.28,76,100,5.28,overcast clouds
316,Xuzhou,CN,34.1805,117.1571,78.13,92,100,12.97,overcast clouds
317,Uray,RU,60.1247,64.7758,54.0,80,31,6.44,scattered clouds
318,Puerto Maldonado,PE,-12.6,-69.1833,77.41,61,8,1.97,clear sky
319,Beidao,CN,34.5686,105.8933,70.07,77,100,1.86,overcast clouds
320,Ampanihy,MG,-24.7,44.75,60.15,77,13,14.32,few clouds
321,Dickinson,US,29.4608,-95.0513,97.07,69,20,3.0,few clouds
322,Dargaville,NZ,-35.9333,173.8833,57.99,66,2,17.29,clear sky
323,Marsa Matruh,EG,31.3525,27.2453,79.0,73,40,9.22,scattered clouds
324,Waddan,LY,29.1614,16.139,75.67,50,0,13.4,clear sky
325,Borogontsy,RU,62.6683,131.1683,78.35,48,60,8.21,broken clouds
326,Baykit,RU,61.67,96.37,78.64,45,0,5.28,clear sky
327,Mount Isa,AU,-20.7333,139.5,71.37,23,52,6.91,broken clouds
328,Rantepao,ID,-2.9701,119.8978,74.66,66,99,2.39,overcast clouds
329,Yablonovo,RU,50.8523,37.3574,67.86,55,0,3.8,clear sky
330,Santa Isabel Do Rio Negro,BR,-0.4139,-65.0192,74.86,87,100,2.82,overcast clouds
331,Sarandi,BR,-23.4436,-51.8739,74.75,50,0,11.5,clear sky
332,Batagay,RU,67.6333,134.6333,57.38,78,98,11.88,overcast clouds
333,Ust-Koksa,RU,50.2696,85.6108,58.17,97,100,3.6,overcast clouds
334,Kita,ML,13.0349,-9.4895,77.85,84,99,4.23,light rain
335,Pran Buri,TH,12.3847,99.9098,85.89,65,81,11.61,light rain
336,Saint Anthony,US,45.0205,-93.218,88.72,58,1,1.99,clear sky
337,Belp,CH,46.8913,7.4983,64.02,90,7,4.61,clear sky
338,Yarmouth,US,41.7057,-70.2286,79.45,75,1,8.01,clear sky
339,Alofi,NU,-19.0595,-169.9187,80.49,69,40,5.75,scattered clouds
340,Iqaluit,CA,63.7506,-68.5145,51.53,81,75,1.99,broken clouds
341,Rodeo,US,38.033,-122.2669,85.95,68,1,7.0,clear sky
342,Noeux-Les-Mines,FR,50.4801,2.6657,59.63,97,100,8.16,overcast clouds
343,Port Blair,IN,11.6667,92.75,82.53,84,100,20.33,overcast clouds
344,Toccoa,US,34.5773,-83.3324,81.63,87,75,0.0,light rain
345,Gigmoto,PH,13.7796,124.39,84.4,78,100,15.64,overcast clouds
346,Dicabisagan,PH,17.0818,122.4157,88.38,57,97,2.35,moderate rain
347,Eirunepe,BR,-6.6603,-69.8736,80.19,68,100,1.19,overcast clouds
348,Fortuna,US,40.5982,-124.1573,94.48,85,20,14.97,few clouds
349,Banon,ES,40.8382,-1.1909,61.86,100,10,2.3,clear sky
350,Namibe,AO,-15.1961,12.1522,64.72,83,0,1.77,clear sky
351,Vao,NC,-22.6667,167.4833,68.32,60,33,16.93,scattered clouds
352,Iquique,CL,-20.2208,-70.1431,59.04,79,20,5.37,few clouds
353,Yining,CN,29.0361,114.5636,84.18,75,55,5.68,broken clouds
354,Gat,IL,31.61,34.7642,78.82,84,0,4.61,clear sky
355,Tanggu,CN,39.0211,117.6469,85.96,75,0,5.37,moderate rain
356,San Gavino Monreale,IT,39.5514,8.7917,78.44,75,80,3.85,broken clouds
357,Umm Kaddadah,SD,13.6017,26.6876,76.98,67,46,7.02,scattered clouds
358,Bang Saphan,TH,11.2126,99.5117,80.55,75,100,9.35,overcast clouds
359,Deputatskiy,RU,69.3,139.9,45.63,71,100,3.49,overcast clouds
360,Kolaras,IN,25.2333,77.6,76.28,96,100,13.27,overcast clouds
361,Palmer,US,42.1584,-72.3287,77.61,69,0,2.98,clear sky
362,Buraydah,SA,26.326,43.975,95.45,18,85,11.48,overcast clouds
363,Ishigaki,JP,24.3448,124.1572,86.13,89,75,5.75,broken clouds
364,Pangnirtung,CA,66.1451,-65.7125,52.16,92,58,2.01,broken clouds
365,Srednekolymsk,RU,67.45,153.6833,54.05,48,96,15.32,overcast clouds
366,Rosa Zarate,EC,0.3333,-79.4667,73.44,91,100,2.19,overcast clouds
367,Urumqi,CN,43.801,87.6005,81.55,21,0,11.18,clear sky
368,Moose Factory,CA,51.2585,-80.6094,60.8,59,1,8.05,clear sky
369,Mackay,AU,-21.15,149.2,72.68,68,5,9.22,clear sky
370,Inhambane,MZ,-23.865,35.3833,63.97,68,5,8.25,clear sky
371,Posevnaya,RU,54.3006,83.3297,54.34,76,0,10.92,clear sky
372,Guerrero Negro,MX,27.9769,-114.0611,72.61,67,0,17.07,clear sky
373,Upernavik,GL,72.7868,-56.1549,43.75,95,100,5.19,moderate rain
374,Wittelsheim,FR,47.8094,7.2402,64.15,95,7,5.32,clear sky
375,San Jeronimo,PE,-11.9472,-75.2829,49.32,73,30,4.63,scattered clouds
376,Iaciara,BR,-14.0958,-46.6317,67.87,39,0,3.83,clear sky
377,Vila Franca Do Campo,PT,37.7167,-25.4333,70.21,89,96,5.84,overcast clouds
378,Parintins,BR,-2.6283,-56.7358,77.25,60,100,3.38,overcast clouds
379,Unterseen,CH,46.6853,7.8472,64.31,92,13,4.09,few clouds
380,Presidente Epitacio,BR,-21.7633,-52.1156,71.15,34,0,7.54,clear sky
381,Bonavista,CA,48.6499,-53.1147,59.11,90,0,13.09,clear sky
382,Sistranda,NO,63.7256,8.834,69.76,81,7,5.77,clear sky
383,Magadan,RU,59.5667,150.8,60.04,77,82,0.6,broken clouds
384,Andros Town,BS,24.7,-77.7667,83.84,72,97,12.44,overcast clouds
385,Opuwo,NA,-18.0607,13.84,56.59,39,0,8.12,clear sky
386,Klaksvik,FO,62.2266,-6.589,50.92,99,100,4.32,overcast clouds
387,Tucuma,BR,-0.1833,-50.05,76.03,87,18,6.31,few clouds
388,Vardo,NO,70.3705,31.1107,46.76,86,35,4.14,scattered clouds
389,Tondano,ID,1.3038,124.9112,78.89,60,100,5.68,overcast clouds
390,Aswan,EG,24.0934,32.907,87.1,25,0,6.91,clear sky
391,Yinchuan,CN,38.4681,106.2731,80.24,36,87,3.87,overcast clouds
392,Dawson Creek,CA,55.7666,-120.2362,71.24,43,90,9.22,overcast clouds
393,Freeport,US,40.6576,-73.5832,86.25,70,1,4.0,haze
394,Kulhudhuffushi,MV,6.6221,73.07,82.18,75,100,16.67,overcast clouds
395,Kloulklubed,PW,7.0419,134.2556,84.7,79,100,17.52,overcast clouds
396,Tabas,IR,33.5959,56.9244,88.38,25,0,13.11,clear sky
397,Stepnyak,KZ,52.8339,70.7803,53.98,61,3,6.4,clear sky
398,Nemuro,JP,43.3236,145.575,70.23,99,100,13.58,overcast clouds
399,Lavrentiya,RU,65.5833,-171.0,45.0,98,100,3.76,overcast clouds
400,Aksay,RU,47.26,39.87,75.42,36,57,11.01,broken clouds
401,Nyurba,RU,63.2842,118.3319,79.81,54,0,6.42,clear sky
402,Chiredzi,ZW,-21.05,31.6667,49.42,69,0,2.21,clear sky
403,Sambava,MG,-14.2667,50.1667,67.84,83,20,14.16,few clouds
404,Vendas Novas,PT,38.6771,-8.4579,65.07,93,0,5.75,clear sky
405,Suluktu,KG,39.9337,69.57,71.08,36,0,3.6,clear sky
406,Xiaoshan,CN,30.1675,120.2588,80.46,89,20,8.95,light rain
407,Kashi,CN,39.4547,75.9797,85.21,24,0,8.95,clear sky
408,Salinas,US,36.6777,-121.6555,88.39,68,1,13.8,clear sky
409,Mukhen,RU,48.1,136.1,90.82,48,95,4.23,overcast clouds
410,Markala,ML,13.7021,-6.0659,73.02,83,100,3.49,overcast clouds
411,San Patricio,US,28.017,-97.5169,90.28,57,5,10.07,clear sky
412,Nakasongola,UG,1.3089,32.4564,65.43,66,93,3.62,overcast clouds
413,Cabo Rojo,PR,18.0866,-67.1457,83.25,83,85,1.01,overcast clouds
414,Obregon,NI,11.9566,-85.9636,86.09,79,15,5.73,few clouds
415,Zonguldak,TR,41.25,31.8333,60.51,86,0,4.85,clear sky
416,Kaeo,NZ,-35.1,173.7833,62.33,69,1,13.47,clear sky
417,Kandrian,PG,-6.2167,149.55,78.94,89,99,5.57,light rain
418,Carnarvon,AU,-24.8667,113.6333,68.07,67,40,13.8,scattered clouds
419,Manzhouli,CN,49.6,117.4333,64.69,77,100,6.2,overcast clouds
420,Taupo,NZ,-38.6833,176.0833,50.25,83,100,12.08,light rain
421,Jalu,LY,29.0331,21.5482,79.0,49,0,8.01,clear sky
422,Ubinskoye,RU,55.3068,79.6802,56.86,64,100,9.64,overcast clouds
423,Manitouwadge,CA,49.1215,-85.8403,63.32,76,100,1.59,overcast clouds
424,Nanortalik,GL,60.1432,-45.2371,47.62,82,48,10.85,scattered clouds
425,Santa Fe,AR,-31.6333,-60.7,55.0,50,0,8.01,clear sky
426,Cabiraoan,PH,18.3238,122.086,88.2,64,95,7.2,overcast clouds
427,Byron Bay,AU,-28.65,153.6167,69.06,45,0,1.14,clear sky
428,Huambo,AO,-12.7761,15.7392,50.23,43,15,1.3,few clouds
429,Moerai,PF,-22.4333,-151.3333,75.49,84,100,18.23,light rain
430,La Ronge,CA,55.1001,-105.2842,73.65,43,20,4.61,few clouds
431,Kholm,RU,59.2667,32.85,59.05,78,16,2.62,few clouds
432,Vilyuysk,RU,63.7553,121.6247,75.94,48,7,8.25,clear sky
433,Muros,ES,42.7762,-9.0603,65.84,87,5,5.61,clear sky
434,Ler,SS,8.3018,30.1418,68.99,86,100,3.71,overcast clouds
435,Wanning,CN,18.8003,110.3967,86.34,70,18,7.76,few clouds
436,Polson,US,47.6936,-114.1632,91.11,24,94,5.95,overcast clouds
437,Tabou,CI,4.423,-7.3528,75.76,80,100,9.37,overcast clouds
438,Araquari,BR,-26.3703,-48.7211,63.14,95,0,2.3,clear sky
439,Guilin,CN,25.2819,110.2864,82.51,72,76,2.08,broken clouds
440,Luderitz,NA,-26.6481,15.1594,59.79,66,0,4.74,clear sky
441,Adrian,US,41.8975,-84.0372,83.91,60,1,3.44,clear sky
442,Novopokrovka,UA,49.8425,36.5477,64.78,57,2,4.88,clear sky
443,Aitape,PG,-3.1374,142.3475,84.81,68,93,4.34,overcast clouds
444,Jagdalpur,IN,19.0667,82.0333,75.02,85,100,10.16,overcast clouds
445,Yershov,RU,51.3513,48.2766,59.36,57,2,5.01,clear sky
446,Yerbogachen,RU,61.2767,108.0108,79.03,49,3,7.18,clear sky
447,Buala,SB,-8.145,159.5921,80.85,81,94,9.78,light rain
448,Hay River,CA,60.8156,-115.7999,73.38,56,75,4.61,thunderstorm with light rain
449,Galesong,ID,-5.3166,119.3661,69.82,56,52,5.68,broken clouds
450,Zigong,CN,29.3416,104.7769,79.05,78,7,4.03,clear sky
451,Lukovetskiy,RU,64.2956,41.9211,49.98,81,100,6.51,overcast clouds
452,Haifa,IL,32.8156,34.9892,74.21,88,0,7.58,clear sky
453,Natal,BR,-5.795,-35.2094,75.42,83,75,5.75,broken clouds
454,Severo-Yeniseyskiy,RU,60.3725,93.0408,72.81,50,100,5.84,overcast clouds
455,Grand Gaube,MU,-20.0064,57.6608,68.4,86,94,5.99,light rain
456,Varena,LT,54.2167,24.5667,71.49,92,100,8.86,overcast clouds
457,Mwinilunga,ZM,-11.7358,24.4293,48.92,57,100,6.24,overcast clouds
458,Yulara,AU,-25.2406,130.9889,67.84,18,88,14.97,overcast clouds
459,Rairangpur,IN,22.2676,86.1751,79.25,85,100,10.31,overcast clouds
460,Todos Santos,MX,23.45,-110.2167,93.31,80,8,7.09,clear sky
461,Bahile,PH,9.9995,118.7878,86.67,62,96,10.89,overcast clouds
462,Klyuchi,RU,52.2667,79.1667,60.44,64,7,8.08,clear sky
463,Katsuura,JP,35.1333,140.3,78.19,91,100,20.07,overcast clouds
464,Ketchikan,US,55.3422,-131.6461,59.47,88,90,12.66,light rain
465,Nioaque,BR,-21.1353,-55.83,74.66,42,4,4.21,clear sky
466,Fort Wellington,GY,6.4,-57.6,77.85,83,98,6.26,overcast clouds
467,Ouahigouya,BF,13.5828,-2.4216,81.79,64,80,9.6,broken clouds
468,Ponta Delgada,PT,37.7333,-25.6667,70.52,88,75,8.05,broken clouds
469,Sobolevo,RU,54.4299,31.8996,62.02,80,11,6.11,few clouds
470,Kalmunai,LK,7.4167,81.8167,81.75,68,95,1.61,overcast clouds
471,Hofn,IS,64.2539,-15.2082,52.38,84,100,4.97,overcast clouds
472,Okhotsk,RU,59.3833,143.3,69.06,70,10,8.59,clear sky
473,Abu Dhabi,AE,24.4667,54.3667,95.11,46,0,0.0,clear sky
474,Banjar,ID,-8.19,114.9675,76.86,58,8,1.25,clear sky
475,Morgan City,US,29.6994,-91.2068,84.99,94,40,0.0,scattered clouds
476,Zhengjiatun,CN,43.5064,123.5064,86.29,57,17,13.6,few clouds
477,Sasebo,JP,33.1592,129.7228,89.04,63,0,2.04,clear sky
478,Qui Nhon,VN,13.7667,109.2333,86.09,64,20,16.62,few clouds
479,Melilla,ES,35.2937,-2.9383,70.18,83,0,1.14,clear sky
480,Gamba,GA,-2.65,10.0,70.48,91,84,3.36,broken clouds
481,Kenai,US,60.5544,-151.2583,67.03,81,90,10.36,overcast clouds
482,Finschhafen,PG,-6.6024,147.8681,77.68,91,100,5.44,overcast clouds
483,Lodja,CD,-3.4833,23.4333,65.07,44,17,2.75,few clouds
484,Linxia,CN,35.6003,103.2064,66.61,50,100,0.92,overcast clouds
485,Celestun,MX,20.8667,-90.4,82.9,75,0,7.83,clear sky
486,Nhulunbuy,AU,-12.2333,136.7667,81.21,74,40,11.5,scattered clouds
487,Korla,CN,41.7597,86.1469,86.52,22,0,10.54,clear sky
488,Omboue,GA,-1.5746,9.2618,71.1,84,53,5.88,broken clouds
489,Hornepayne,CA,49.2138,-84.7705,60.53,79,100,4.21,overcast clouds
490,San Joaquin,US,37.9333,-121.3011,96.78,22,1,9.22,clear sky
491,The Valley,AI,18.217,-63.0578,82.81,77,100,18.77,overcast clouds
492,Grindavik,IS,63.8424,-22.4338,49.95,93,90,8.05,overcast clouds
493,Bandundu,CD,-3.3167,17.3667,70.43,39,76,3.89,broken clouds
494,Bengkulu,ID,-3.8004,102.2655,77.5,68,30,4.56,scattered clouds
495,Lagoa,PT,39.05,-27.9833,70.48,89,100,10.49,overcast clouds
496,Kirakira,SB,-10.4544,161.9205,84.65,70,23,9.08,few clouds
497,Yar-Sale,RU,66.8333,70.8333,50.61,68,53,8.75,broken clouds
498,Yazman,PK,29.1212,71.7446,89.33,58,100,19.62,overcast clouds
499,Gao,ML,16.6362,1.637,91.06,39,93,10.02,overcast clouds
500,Kumluca,TR,36.3703,30.2869,85.3,39,0,7.94,clear sky
501,Kingsport,US,36.5484,-82.5618,79.86,85,75,1.01,broken clouds
502,Tarko-Sale,RU,64.9225,77.785,48.65,93,100,20.04,light rain
503,Canakkale,TR,40.0833,26.8333,72.21,91,0,4.18,clear sky
504,Havre-Saint-Pierre,CA,50.2334,-63.5986,62.96,94,1,0.0,clear sky
505,Imeni Poliny Osipenko,RU,52.4201,136.4853,65.39,99,100,8.39,moderate rain
506,Elko,US,41.0002,-115.5012,97.74,6,56,11.01,broken clouds
507,Coihaique,CL,-45.5752,-72.0662,37.35,75,75,8.05,broken clouds
508,Chillicothe,US,39.3331,-82.9824,82.76,61,1,0.0,clear sky
509,Basoko,CD,1.2391,23.616,73.53,82,100,2.15,overcast clouds
510,Thinadhoo,MV,0.5333,72.9333,80.73,74,100,5.48,overcast clouds
511,Burley,US,42.5357,-113.7928,100.31,14,1,4.61,haze
512,Cuiluan,CN,47.72,128.648,78.3,80,96,2.82,overcast clouds
513,Roma,US,43.2128,-75.4557,76.87,81,4,2.8,clear sky
514,Trelew,AR,-43.249,-65.3051,39.81,70,32,24.96,scattered clouds
515,Hervey Bay,AU,-25.2986,152.8535,68.11,66,0,1.01,clear sky
516,Gushi,CN,34.6425,109.5843,85.21,43,75,6.17,broken clouds
517,Panama City,PA,8.9936,-79.5197,81.05,85,40,2.3,scattered clouds
518,Yertsevo,RU,60.7966,40.086,47.03,97,7,3.94,clear sky
519,Meulaboh,ID,4.1363,96.1285,78.44,84,73,3.62,broken clouds
520,Acapulco,MX,16.8634,-99.8901,85.82,79,90,5.75,overcast clouds
521,Axim,GH,4.8699,-2.2405,76.03,78,100,10.98,overcast clouds
522,Male,MV,4.1748,73.5089,82.35,83,75,10.36,broken clouds
523,Pacific Grove,US,36.6177,-121.9166,82.81,79,1,5.99,clear sky
524,Yumen,CN,40.2833,97.2,80.91,17,13,18.01,few clouds
525,Tavda,RU,58.0425,65.2726,53.19,75,60,5.79,broken clouds
526,Barinas,VE,8.6226,-70.2075,77.04,100,85,2.3,overcast clouds
527,El Alto,PE,-4.2714,-81.2147,64.96,88,35,13.94,scattered clouds
528,Egvekinot,RU,66.3167,-179.1667,45.61,93,100,2.89,light rain
529,Kostomuksha,RU,64.571,30.5767,53.62,79,100,2.73,overcast clouds
530,Akyab,MM,20.15,92.9,79.79,86,100,19.51,overcast clouds
531,Kaspiyskiy,RU,45.3929,47.3707,79.79,51,100,20.11,overcast clouds
532,Mabaruma,GY,8.2,-59.7833,75.31,92,99,2.51,overcast clouds
533,Port-Gentil,GA,-0.7193,8.7815,74.46,82,73,12.62,broken clouds
534,Minggang,CN,32.4586,114.0486,81.37,84,90,13.13,overcast clouds
535,Ottawa,CA,45.4112,-75.6981,76.98,61,40,1.99,haze
536,Rafai,CF,4.95,23.9167,68.22,99,100,3.0,light rain
537,Benicarlo,ES,40.4165,0.4271,68.9,76,0,5.73,clear sky
538,Bilma,NE,18.6853,12.9164,91.09,39,86,6.82,overcast clouds
539,Ende,ID,-8.8432,121.6623,81.45,61,73,2.8,broken clouds
540,Andrews,US,32.3187,-102.5457,96.08,22,1,6.91,clear sky
541,Sungaipenuh,ID,-2.0833,101.3833,69.78,72,12,1.86,few clouds
542,Abu Samrah,SY,35.3029,37.1841,77.27,54,0,7.29,clear sky
543,Zverinogolovskoye,RU,54.4586,64.8542,55.44,70,88,6.89,overcast clouds
544,College,US,64.8569,-147.8028,72.0,47,75,12.66,broken clouds
545,Okuchi,JP,32.0667,130.6167,81.28,49,0,1.01,clear sky
546,Abalak,RU,58.1286,68.5944,53.94,73,100,5.35,overcast clouds
547,Aksu,CN,41.1231,80.2644,85.95,23,0,5.55,clear sky
548,Siyabuswa,ZA,-25.1132,29.0445,42.91,66,0,3.94,clear sky
549,Pingliang,CN,35.5392,106.6861,75.06,45,82,0.72,light rain
550,Luganville,VU,-15.5333,167.1667,79.39,84,100,11.43,overcast clouds
551,Toamasina,MG,-18.1667,49.3833,64.4,94,75,9.22,broken clouds
552,Mopti,ML,14.6667,-4.0,84.24,70,20,9.22,thunderstorm
553,Hamilton,US,39.1834,-84.5333,85.05,58,1,5.75,clear sky
554,Sao Jose Da Coroa Grande,BR,-8.8978,-35.1478,73.99,88,51,8.25,broken clouds
555,Zharkent,KZ,44.1628,80.0,81.73,20,3,4.79,clear sky
556,Shimoda,JP,34.6667,138.95,73.76,92,100,6.2,overcast clouds
557,Yurginskoye,RU,56.8189,67.3921,55.08,70,98,5.59,overcast clouds
558,Svetlyy,RU,54.675,20.1347,66.25,96,38,7.16,scattered clouds
559,Phek,IN,25.6667,94.5,63.23,96,100,2.1,overcast clouds
560,Yelan,RU,50.949,43.7378,60.31,60,0,3.33,clear sky
561,Balikpapan,ID,-1.2675,116.8289,79.79,94,20,6.91,few clouds
562,Manta,EC,-0.95,-80.7333,73.18,83,20,11.5,few clouds
